experiment_id,set_id,sample_id,replicate,dilution_id,type,value
20190413,P10V1,C,1,0,C,31.0
20190413,P10V1,C,2,0,C,25.0
20190413,P10V1,D1,1,1,D,24.0
20190413,P10V1,D1,2,1,D,32.0
20190413,P10V1,D2,1,2,D,24.0
20190413,P10V1,D2,2,2,D,30.0
20190413,P10V1,D3,1,3,D,25.0
20190413,P10V1,D3,2,3,D,26.0
20190413,P10V1,D4,1,4,D,50.0
20190413,P10V1,D4,2,4,D,70.0
20190413,P10V1,D5,1,5,D,94.0
20190413,P10V1,D5,2,5,D,88.0
20190413,P10V1,D6,1,6,D,185.0
20190413,P10V1,D6,2,6,D,289.0
20190413,P10V1,D7,1,7,D,427.0
20190413,P10V1,D7,2,7,D,431.0
20190413,P10V1,D8,1,8,D,378.0
20190413,P10V1,D8,2,8,D,489.0
20190413,P10V1,D9,1,9,D,525.0
20190413,P10V1,D9,2,9,D,664.0
20190413,P10V1,V,1,0,V,690.0
20190413,P10V1,V,2,0,V,587.0
20190413,P10V2,C,1,0,C,23.0
20190413,P10V2,C,2,0,C,22.0
20190413,P10V2,D1,1,1,D,26.0
20190413,P10V2,D1,2,1,D,37.0
20190413,P10V2,D2,1,2,D,32.0
20190413,P10V2,D2,2,2,D,26.0
20190413,P10V2,D3,1,3,D,34.0
20190413,P10V2,D3,2,3,D,37.0
20190413,P10V2,D4,1,4,D,40.0
20190413,P10V2,D4,2,4,D,129.0
20190413,P10V2,D5,1,5,D,295.0
20190413,P10V2,D5,2,5,D,511.0
20190413,P10V2,D6,1,6,D,1005.0
20190413,P10V2,D6,2,6,D,1215.0
20190413,P10V2,D7,1,7,D,1914.0
20190413,P10V2,D7,2,7,D,2432.0
20190413,P10V2,D8,1,8,D,1906.0
20190413,P10V2,D8,2,8,D,3009.0
20190413,P10V2,D9,1,9,D,1907.0
20190413,P10V2,D9,2,9,D,3063.0
20190413,P10V2,V,1,0,V,2206.0
20190413,P10V2,V,2,0,V,2656.0
20190413,P10V3,C,1,0,C,27.0
20190413,P10V3,C,2,0,C,32.0
20190413,P10V3,D1,1,1,D,26.0
20190413,P10V3,D1,2,1,D,33.0
20190413,P10V3,D2,1,2,D,38.0
20190413,P10V3,D2,2,2,D,48.0
20190413,P10V3,D3,1,3,D,39.0
20190413,P10V3,D3,2,3,D,87.0
20190413,P10V3,D4,1,4,D,114.0
20190413,P10V3,D4,2,4,D,127.0
20190413,P10V3,D5,1,5,D,178.0
20190413,P10V3,D5,2,5,D,240.0
20190413,P10V3,D6,1,6,D,184.0
20190413,P10V3,D6,2,6,D,215.0
20190413,P10V3,D7,1,7,D,97.0
20190413,P10V3,D7,2,7,D,228.0
20190413,P10V3,D8,1,8,D,155.0
20190413,P10V3,D8,2,8,D,130.0
20190413,P10V3,D9,1,9,D,140.0
20190413,P10V3,D9,2,9,D,120.0
20190413,P10V3,V,1,0,V,235.0
20190413,P10V3,V,2,0,V,158.0
20190413,P10V4,C,1,0,C,30.0
20190413,P10V4,C,2,0,C,29.0
20190413,P10V4,D1,1,1,D,31.0
20190413,P10V4,D1,2,1,D,29.0
20190413,P10V4,D2,1,2,D,31.0
20190413,P10V4,D2,2,2,D,29.0
20190413,P10V4,D3,1,3,D,30.0
20190413,P10V4,D3,2,3,D,34.0
20190413,P10V4,D4,1,4,D,70.0
20190413,P10V4,D4,2,4,D,46.0
20190413,P10V4,D5,1,5,D,100.0
20190413,P10V4,D5,2,5,D,148.0
20190413,P10V4,D6,1,6,D,175.0
20190413,P10V4,D6,2,6,D,330.0
20190413,P10V4,D7,1,7,D,220.0
20190413,P10V4,D7,2,7,D,344.0
20190413,P10V4,D8,1,8,D,308.0
20190413,P10V4,D8,2,8,D,337.0
20190413,P10V4,D9,1,9,D,304.0
20190413,P10V4,D9,2,9,D,350.0
20190413,P10V4,V,1,0,V,332.0
20190413,P10V4,V,2,0,V,288.0
20190413,P10V5,C,1,0,C,24.0
20190413,P10V5,C,2,0,C,32.0
20190413,P10V5,D1,1,1,D,25.0
20190413,P10V5,D1,2,1,D,24.0
20190413,P10V5,D2,1,2,D,33.0
20190413,P10V5,D2,2,2,D,28.0
20190413,P10V5,D3,1,3,D,51.0
20190413,P10V5,D3,2,3,D,55.0
20190413,P10V5,D4,1,4,D,138.0
20190413,P10V5,D4,2,4,D,131.0
20190413,P10V5,D5,1,5,D,117.0
20190413,P10V5,D5,2,5,D,259.0
20190413,P10V5,D6,1,6,D,272.0
20190413,P10V5,D6,2,6,D,342.0
20190413,P10V5,D7,1,7,D,189.0
20190413,P10V5,D7,2,7,D,299.0
20190413,P10V5,D8,1,8,D,234.0
20190413,P10V5,D8,2,8,D,417.0
20190413,P10V5,D9,1,9,D,352.0
20190413,P10V5,D9,2,9,D,376.0
20190413,P10V5,V,1,0,V,242.0
20190413,P10V5,V,2,0,V,443.0
20190413,P10V6,C,1,0,C,32.0
20190413,P10V6,C,2,0,C,33.0
20190413,P10V6,D1,1,1,D,33.0
20190413,P10V6,D1,2,1,D,33.0
20190413,P10V6,D2,1,2,D,34.0
20190413,P10V6,D2,2,2,D,30.0
20190413,P10V6,D3,1,3,D,37.0
20190413,P10V6,D3,2,3,D,24.0
20190413,P10V6,D4,1,4,D,28.0
20190413,P10V6,D4,2,4,D,34.0
20190413,P10V6,D5,1,5,D,64.0
20190413,P10V6,D5,2,5,D,48.0
20190413,P10V6,D6,1,6,D,107.0
20190413,P10V6,D6,2,6,D,141.0
20190413,P10V6,D7,1,7,D,97.0
20190413,P10V6,D7,2,7,D,71.0
20190413,P10V6,D8,1,8,D,142.0
20190413,P10V6,D8,2,8,D,180.0
20190413,P10V6,D9,1,9,D,89.0
20190413,P10V6,D9,2,9,D,113.0
20190413,P10V6,V,1,0,V,167.0
20190413,P10V6,V,2,0,V,99.0
20190413,P11V1,C,1,0,C,37.0
20190413,P11V1,C,2,0,C,33.0
20190413,P11V1,D1,1,1,D,37.0
20190413,P11V1,D1,2,1,D,27.0
20190413,P11V1,D2,1,2,D,34.0
20190413,P11V1,D2,2,2,D,39.0
20190413,P11V1,D3,1,3,D,42.0
20190413,P11V1,D3,2,3,D,36.0
20190413,P11V1,D4,1,4,D,36.0
20190413,P11V1,D4,2,4,D,57.0
20190413,P11V1,D5,1,5,D,47.0
20190413,P11V1,D5,2,5,D,61.0
20190413,P11V1,D6,1,6,D,49.0
20190413,P11V1,D6,2,6,D,52.0
20190413,P11V1,D7,1,7,D,98.0
20190413,P11V1,D7,2,7,D,113.0
20190413,P11V1,D8,1,8,D,63.0
20190413,P11V1,D8,2,8,D,82.0
20190413,P11V1,D9,1,9,D,57.0
20190413,P11V1,D9,2,9,D,69.0
20190413,P11V1,V,1,0,V,83.0
20190413,P11V1,V,2,0,V,85.0
20190413,P11V2,C,1,0,C,29.0
20190413,P11V2,C,2,0,C,37.0
20190413,P11V2,D1,1,1,D,40.0
20190413,P11V2,D1,2,1,D,29.0
20190413,P11V2,D2,1,2,D,47.0
20190413,P11V2,D2,2,2,D,50.0
20190413,P11V2,D3,1,3,D,130.0
20190413,P11V2,D3,2,3,D,132.0
20190413,P11V2,D4,1,4,D,126.0
20190413,P11V2,D4,2,4,D,172.0
20190413,P11V2,D5,1,5,D,342.0
20190413,P11V2,D5,2,5,D,218.0
20190413,P11V2,D6,1,6,D,344.0
20190413,P11V2,D6,2,6,D,511.0
20190413,P11V2,D7,1,7,D,312.0
20190413,P11V2,D7,2,7,D,306.0
20190413,P11V2,D8,1,8,D,322.0
20190413,P11V2,D8,2,8,D,387.0
20190413,P11V2,D9,1,9,D,277.0
20190413,P11V2,D9,2,9,D,328.0
20190413,P11V2,V,1,0,V,256.0
20190413,P11V2,V,2,0,V,390.0
20190413,P11V3,C,1,0,C,38.0
20190413,P11V3,C,2,0,C,47.0
20190413,P11V3,D1,1,1,D,28.0
20190413,P11V3,D1,2,1,D,42.0
20190413,P11V3,D2,1,2,D,36.0
20190413,P11V3,D2,2,2,D,32.0
20190413,P11V3,D3,1,3,D,33.0
20190413,P11V3,D3,2,3,D,47.0
20190413,P11V3,D4,1,4,D,235.0
20190413,P11V3,D4,2,4,D,145.0
20190413,P11V3,D5,1,5,D,397.0
20190413,P11V3,D5,2,5,D,278.0
20190413,P11V3,D6,1,6,D,270.0
20190413,P11V3,D6,2,6,D,566.0
20190413,P11V3,D7,1,7,D,491.0
20190413,P11V3,D7,2,7,D,507.0
20190413,P11V3,D8,1,8,D,558.0
20190413,P11V3,D8,2,8,D,671.0
20190413,P11V3,D9,1,9,D,415.0
20190413,P11V3,D9,2,9,D,639.0
20190413,P11V3,V,1,0,V,558.0
20190413,P11V3,V,2,0,V,684.0
20190413,P11V4,C,1,0,C,30.0
20190413,P11V4,C,2,0,C,29.0
20190413,P11V4,D1,1,1,D,43.0
20190413,P11V4,D1,2,1,D,36.0
20190413,P11V4,D2,1,2,D,37.0
20190413,P11V4,D2,2,2,D,39.0
20190413,P11V4,D3,1,3,D,62.0
20190413,P11V4,D3,2,3,D,138.0
20190413,P11V4,D4,1,4,D,137.0
20190413,P11V4,D4,2,4,D,106.0
20190413,P11V4,D5,1,5,D,164.0
20190413,P11V4,D5,2,5,D,137.0
20190413,P11V4,D6,1,6,D,222.0
20190413,P11V4,D6,2,6,D,193.0
20190413,P11V4,D7,1,7,D,223.0
20190413,P11V4,D7,2,7,D,238.0
20190413,P11V4,D8,1,8,D,236.0
20190413,P11V4,D8,2,8,D,204.0
20190413,P11V4,D9,1,9,D,402.0
20190413,P11V4,D9,2,9,D,439.0
20190413,P11V4,V,1,0,V,248.0
20190413,P11V4,V,2,0,V,431.0
20190413,P11V5,C,1,0,C,35.0
20190413,P11V5,C,2,0,C,40.0
20190413,P11V5,D1,1,1,D,35.0
20190413,P11V5,D1,2,1,D,29.0
20190413,P11V5,D2,1,2,D,32.0
20190413,P11V5,D2,2,2,D,40.0
20190413,P11V5,D3,1,3,D,61.0
20190413,P11V5,D3,2,3,D,62.0
20190413,P11V5,D4,1,4,D,62.0
20190413,P11V5,D4,2,4,D,64.0
20190413,P11V5,D5,1,5,D,250.0
20190413,P11V5,D5,2,5,D,170.0
20190413,P11V5,D6,1,6,D,505.0
20190413,P11V5,D6,2,6,D,386.0
20190413,P11V5,D7,1,7,D,329.0
20190413,P11V5,D7,2,7,D,339.0
20190413,P11V5,D8,1,8,D,609.0
20190413,P11V5,D8,2,8,D,520.0
20190413,P11V5,D9,1,9,D,521.0
20190413,P11V5,D9,2,9,D,414.0
20190413,P11V5,V,1,0,V,351.0
20190413,P11V5,V,2,0,V,394.0
20190413,P11V6,C,1,0,C,46.0
20190413,P11V6,C,2,0,C,36.0
20190413,P11V6,D1,1,1,D,32.0
20190413,P11V6,D1,2,1,D,34.0
20190413,P11V6,D2,1,2,D,28.0
20190413,P11V6,D2,2,2,D,33.0
20190413,P11V6,D3,1,3,D,54.0
20190413,P11V6,D3,2,3,D,38.0
20190413,P11V6,D4,1,4,D,84.0
20190413,P11V6,D4,2,4,D,67.0
20190413,P11V6,D5,1,5,D,150.0
20190413,P11V6,D5,2,5,D,297.0
20190413,P11V6,D6,1,6,D,191.0
20190413,P11V6,D6,2,6,D,316.0
20190413,P11V6,D7,1,7,D,360.0
20190413,P11V6,D7,2,7,D,237.0
20190413,P11V6,D8,1,8,D,290.0
20190413,P11V6,D8,2,8,D,253.0
20190413,P11V6,D9,1,9,D,246.0
20190413,P11V6,D9,2,9,D,281.0
20190413,P11V6,V,1,0,V,239.0
20190413,P11V6,V,2,0,V,154.0
20190413,P12V1,C,1,0,C,38.0
20190413,P12V1,C,2,0,C,31.0
20190413,P12V1,D1,1,1,D,37.0
20190413,P12V1,D1,2,1,D,39.0
20190413,P12V1,D2,1,2,D,44.0
20190413,P12V1,D2,2,2,D,86.0
20190413,P12V1,D3,1,3,D,466.0
20190413,P12V1,D3,2,3,D,420.0
20190413,P12V1,D4,1,4,D,1245.0
20190413,P12V1,D4,2,4,D,1622.0
20190413,P12V1,D5,1,5,D,2400.0
20190413,P12V1,D5,2,5,D,2562.0
20190413,P12V1,D6,1,6,D,2818.0
20190413,P12V1,D6,2,6,D,3433.0
20190413,P12V1,D7,1,7,D,2694.0
20190413,P12V1,D7,2,7,D,3189.0
20190413,P12V1,D8,1,8,D,4385.0
20190413,P12V1,D8,2,8,D,3861.0
20190413,P12V1,D9,1,9,D,3645.0
20190413,P12V1,D9,2,9,D,3455.0
20190413,P12V1,V,1,0,V,2632.0
20190413,P12V1,V,2,0,V,3064.0
20190413,P12V2,C,1,0,C,31.0
20190413,P12V2,C,2,0,C,31.0
20190413,P12V2,D1,1,1,D,38.0
20190413,P12V2,D1,2,1,D,24.0
20190413,P12V2,D2,1,2,D,31.0
20190413,P12V2,D2,2,2,D,30.0
20190413,P12V2,D3,1,3,D,175.0
20190413,P12V2,D3,2,3,D,297.0
20190413,P12V2,D4,1,4,D,979.0
20190413,P12V2,D4,2,4,D,1151.0
20190413,P12V2,D5,1,5,D,2296.0
20190413,P12V2,D5,2,5,D,2586.0
20190413,P12V2,D6,1,6,D,2943.0
20190413,P12V2,D6,2,6,D,4794.0
20190413,P12V2,D7,1,7,D,4149.0
20190413,P12V2,D7,2,7,D,4677.0
20190413,P12V2,D8,1,8,D,3423.0
20190413,P12V2,D8,2,8,D,4990.0
20190413,P12V2,D9,1,9,D,2874.0
20190413,P12V2,D9,2,9,D,5669.0
20190413,P12V2,V,1,0,V,3262.0
20190413,P12V2,V,2,0,V,4908.0
20190413,P12V3,C,1,0,C,37.0
20190413,P12V3,C,2,0,C,28.0
20190413,P12V3,D1,1,1,D,34.0
20190413,P12V3,D1,2,1,D,40.0
20190413,P12V3,D2,1,2,D,32.0
20190413,P12V3,D2,2,2,D,30.0
20190413,P12V3,D3,1,3,D,71.0
20190413,P12V3,D3,2,3,D,106.0
20190413,P12V3,D4,1,4,D,80.0
20190413,P12V3,D4,2,4,D,193.0
20190413,P12V3,D5,1,5,D,268.0
20190413,P12V3,D5,2,5,D,201.0
20190413,P12V3,D6,1,6,D,428.0
20190413,P12V3,D6,2,6,D,524.0
20190413,P12V3,D7,1,7,D,1352.0
20190413,P12V3,D7,2,7,D,824.0
20190413,P12V3,D8,1,8,D,1496.0
20190413,P12V3,D8,2,8,D,1709.0
20190413,P12V3,D9,1,9,D,2901.0
20190413,P12V3,D9,2,9,D,2313.0
20190413,P12V3,V,1,0,V,2118.0
20190413,P12V3,V,2,0,V,2810.0
20190413,P12V4,C,1,0,C,46.0
20190413,P12V4,C,2,0,C,32.0
20190413,P12V4,D1,1,1,D,32.0
20190413,P12V4,D1,2,1,D,39.0
20190413,P12V4,D2,1,2,D,54.0
20190413,P12V4,D2,2,2,D,99.0
20190413,P12V4,D3,1,3,D,702.0
20190413,P12V4,D3,2,3,D,423.0
20190413,P12V4,D4,1,4,D,1483.0
20190413,P12V4,D4,2,4,D,1469.0
20190413,P12V4,D5,1,5,D,3880.0
20190413,P12V4,D5,2,5,D,4141.0
20190413,P12V4,D6,1,6,D,4670.0
20190413,P12V4,D6,2,6,D,5929.0
20190413,P12V4,D7,1,7,D,7743.0
20190413,P12V4,D7,2,7,D,7632.0
20190413,P12V4,D8,1,8,D,8477.0
20190413,P12V4,D8,2,8,D,8046.0
20190413,P12V4,D9,1,9,D,6451.0
20190413,P12V4,D9,2,9,D,7822.0
20190413,P12V4,V,1,0,V,8603.0
20190413,P12V4,V,2,0,V,9335.0
20190413,P12V5,C,1,0,C,34.0
20190413,P12V5,C,2,0,C,24.0
20190413,P12V5,D1,1,1,D,40.0
20190413,P12V5,D1,2,1,D,28.0
20190413,P12V5,D2,1,2,D,69.0
20190413,P12V5,D2,2,2,D,140.0
20190413,P12V5,D3,1,3,D,500.0
20190413,P12V5,D3,2,3,D,530.0
20190413,P12V5,D4,1,4,D,1963.0
20190413,P12V5,D4,2,4,D,1764.0
20190413,P12V5,D5,1,5,D,4606.0
20190413,P12V5,D5,2,5,D,4440.0
20190413,P12V5,D6,1,6,D,5843.0
20190413,P12V5,D6,2,6,D,7000.0
20190413,P12V5,D7,1,7,D,7414.0
20190413,P12V5,D7,2,7,D,7813.0
20190413,P12V5,D8,1,8,D,7079.0
20190413,P12V5,D8,2,8,D,7067.0
20190413,P12V5,D9,1,9,D,7680.0
20190413,P12V5,D9,2,9,D,7310.0
20190413,P12V5,V,1,0,V,7302.0
20190413,P12V5,V,2,0,V,8570.0
20190413,P12V6,C,1,0,C,40.0
20190413,P12V6,C,2,0,C,34.0
20190413,P12V6,D1,1,1,D,40.0
20190413,P12V6,D1,2,1,D,29.0
20190413,P12V6,D2,1,2,D,42.0
20190413,P12V6,D2,2,2,D,38.0
20190413,P12V6,D3,1,3,D,101.0
20190413,P12V6,D3,2,3,D,81.0
20190413,P12V6,D4,1,4,D,308.0
20190413,P12V6,D4,2,4,D,440.0
20190413,P12V6,D5,1,5,D,1721.0
20190413,P12V6,D5,2,5,D,1436.0
20190413,P12V6,D6,1,6,D,2521.0
20190413,P12V6,D6,2,6,D,3155.0
20190413,P12V6,D7,1,7,D,2886.0
20190413,P12V6,D7,2,7,D,3433.0
20190413,P12V6,D8,1,8,D,4363.0
20190413,P12V6,D8,2,8,D,4289.0
20190413,P12V6,D9,1,9,D,3662.0
20190413,P12V6,D9,2,9,D,4431.0
20190413,P12V6,V,1,0,V,4063.0
20190413,P12V6,V,2,0,V,5042.0
20190413,P13V1,C,1,0,C,33.0
20190413,P13V1,C,2,0,C,32.0
20190413,P13V1,D1,1,1,D,41.0
20190413,P13V1,D1,2,1,D,37.0
20190413,P13V1,D2,1,2,D,72.0
20190413,P13V1,D2,2,2,D,106.0
20190413,P13V1,D3,1,3,D,123.0
20190413,P13V1,D3,2,3,D,305.0
20190413,P13V1,D4,1,4,D,433.0
20190413,P13V1,D4,2,4,D,522.0
20190413,P13V1,D5,1,5,D,720.0
20190413,P13V1,D5,2,5,D,1277.0
20190413,P13V1,D6,1,6,D,1797.0
20190413,P13V1,D6,2,6,D,2358.0
20190413,P13V1,D7,1,7,D,2212.0
20190413,P13V1,D7,2,7,D,2280.0
20190413,P13V1,D8,1,8,D,2303.0
20190413,P13V1,D8,2,8,D,2705.0
20190413,P13V1,D9,1,9,D,1768.0
20190413,P13V1,D9,2,9,D,1971.0
20190413,P13V1,V,1,0,V,1859.0
20190413,P13V1,V,2,0,V,2049.0
20190413,P13V2,C,1,0,C,34.0
20190413,P13V2,C,2,0,C,35.0
20190413,P13V2,D1,1,1,D,31.0
20190413,P13V2,D1,2,1,D,42.0
20190413,P13V2,D2,1,2,D,42.0
20190413,P13V2,D2,2,2,D,101.0
20190413,P13V2,D3,1,3,D,180.0
20190413,P13V2,D3,2,3,D,404.0
20190413,P13V2,D4,1,4,D,327.0
20190413,P13V2,D4,2,4,D,553.0
20190413,P13V2,D5,1,5,D,1091.0
20190413,P13V2,D5,2,5,D,1532.0
20190413,P13V2,D6,1,6,D,2450.0
20190413,P13V2,D6,2,6,D,4859.0
20190413,P13V2,D7,1,7,D,3304.0
20190413,P13V2,D7,2,7,D,4802.0
20190413,P13V2,D8,1,8,D,3952.0
20190413,P13V2,D8,2,8,D,5131.0
20190413,P13V2,D9,1,9,D,3348.0
20190413,P13V2,D9,2,9,D,5038.0
20190413,P13V2,V,1,0,V,2557.0
20190413,P13V2,V,2,0,V,4670.0
20190413,P13V3,C,1,0,C,42.0
20190413,P13V3,C,2,0,C,34.0
20190413,P13V3,D1,1,1,D,132.0
20190413,P13V3,D1,2,1,D,79.0
20190413,P13V3,D2,1,2,D,354.0
20190413,P13V3,D2,2,2,D,519.0
20190413,P13V3,D3,1,3,D,757.0
20190413,P13V3,D3,2,3,D,1421.0
20190413,P13V3,D4,1,4,D,1343.0
20190413,P13V3,D4,2,4,D,1876.0
20190413,P13V3,D5,1,5,D,1173.0
20190413,P13V3,D5,2,5,D,1847.0
20190413,P13V3,D6,1,6,D,1744.0
20190413,P13V3,D6,2,6,D,2282.0
20190413,P13V3,D7,1,7,D,2058.0
20190413,P13V3,D7,2,7,D,2901.0
20190413,P13V3,D8,1,8,D,1487.0
20190413,P13V3,D8,2,8,D,2415.0
20190413,P13V3,D9,1,9,D,1537.0
20190413,P13V3,D9,2,9,D,2580.0
20190413,P13V3,V,1,0,V,1329.0
20190413,P13V3,V,2,0,V,2289.0
20190413,P13V4,C,1,0,C,36.0
20190413,P13V4,C,2,0,C,31.0
20190413,P13V4,D1,1,1,D,37.0
20190413,P13V4,D1,2,1,D,35.0
20190413,P13V4,D2,1,2,D,36.0
20190413,P13V4,D2,2,2,D,31.0
20190413,P13V4,D3,1,3,D,30.0
20190413,P13V4,D3,2,3,D,74.0
20190413,P13V4,D4,1,4,D,151.0
20190413,P13V4,D4,2,4,D,187.0
20190413,P13V4,D5,1,5,D,595.0
20190413,P13V4,D5,2,5,D,976.0
20190413,P13V4,D6,1,6,D,950.0
20190413,P13V4,D6,2,6,D,1477.0
20190413,P13V4,D7,1,7,D,925.0
20190413,P13V4,D7,2,7,D,1437.0
20190413,P13V4,D8,1,8,D,1433.0
20190413,P13V4,D8,2,8,D,1817.0
20190413,P13V4,D9,1,9,D,1407.0
20190413,P13V4,D9,2,9,D,1197.0
20190413,P13V4,V,1,0,V,858.0
20190413,P13V4,V,2,0,V,1665.0
20190413,P13V5,C,1,0,C,41.0
20190413,P13V5,C,2,0,C,35.0
20190413,P13V5,D1,1,1,D,32.0
20190413,P13V5,D1,2,1,D,35.0
20190413,P13V5,D2,1,2,D,42.0
20190413,P13V5,D2,2,2,D,64.0
20190413,P13V5,D3,1,3,D,192.0
20190413,P13V5,D3,2,3,D,333.0
20190413,P13V5,D4,1,4,D,604.0
20190413,P13V5,D4,2,4,D,971.0
20190413,P13V5,D5,1,5,D,1185.0
20190413,P13V5,D5,2,5,D,1521.0
20190413,P13V5,D6,1,6,D,1012.0
20190413,P13V5,D6,2,6,D,1759.0
20190413,P13V5,D7,1,7,D,1493.0
20190413,P13V5,D7,2,7,D,1535.0
20190413,P13V5,D8,1,8,D,2104.0
20190413,P13V5,D8,2,8,D,2269.0
20190413,P13V5,D9,1,9,D,1336.0
20190413,P13V5,D9,2,9,D,1534.0
20190413,P13V5,V,1,0,V,1716.0
20190413,P13V5,V,2,0,V,1670.0
20190413,P13V6,C,1,0,C,34.0
20190413,P13V6,C,2,0,C,38.0
20190413,P13V6,D1,1,1,D,28.0
20190413,P13V6,D1,2,1,D,28.0
20190413,P13V6,D2,1,2,D,73.0
20190413,P13V6,D2,2,2,D,42.0
20190413,P13V6,D3,1,3,D,114.0
20190413,P13V6,D3,2,3,D,105.0
20190413,P13V6,D4,1,4,D,330.0
20190413,P13V6,D4,2,4,D,384.0
20190413,P13V6,D5,1,5,D,870.0
20190413,P13V6,D5,2,5,D,941.0
20190413,P13V6,D6,1,6,D,943.0
20190413,P13V6,D6,2,6,D,937.0
20190413,P13V6,D7,1,7,D,1012.0
20190413,P13V6,D7,2,7,D,1211.0
20190413,P13V6,D8,1,8,D,1547.0
20190413,P13V6,D8,2,8,D,1307.0
20190413,P13V6,D9,1,9,D,1491.0
20190413,P13V6,D9,2,9,D,1446.0
20190413,P13V6,V,1,0,V,785.0
20190413,P13V6,V,2,0,V,992.0
20190413,P14V1,C,1,0,C,34.0
20190413,P14V1,C,2,0,C,41.0
20190413,P14V1,D1,1,1,D,38.0
20190413,P14V1,D1,2,1,D,37.0
20190413,P14V1,D2,1,2,D,46.0
20190413,P14V1,D2,2,2,D,36.0
20190413,P14V1,D3,1,3,D,30.0
20190413,P14V1,D3,2,3,D,40.0
20190413,P14V1,D4,1,4,D,26.0
20190413,P14V1,D4,2,4,D,45.0
20190413,P14V1,D5,1,5,D,119.0
20190413,P14V1,D5,2,5,D,72.0
20190413,P14V1,D6,1,6,D,237.0
20190413,P14V1,D6,2,6,D,203.0
20190413,P14V1,D7,1,7,D,432.0
20190413,P14V1,D7,2,7,D,311.0
20190413,P14V1,D8,1,8,D,525.0
20190413,P14V1,D8,2,8,D,514.0
20190413,P14V1,D9,1,9,D,414.0
20190413,P14V1,D9,2,9,D,330.0
20190413,P14V1,V,1,0,V,372.0
20190413,P14V1,V,2,0,V,531.0
20190413,P14V2,C,1,0,C,33.0
20190413,P14V2,C,2,0,C,46.0
20190413,P14V2,D1,1,1,D,48.0
20190413,P14V2,D1,2,1,D,71.0
20190413,P14V2,D2,1,2,D,139.0
20190413,P14V2,D2,2,2,D,226.0
20190413,P14V2,D3,1,3,D,653.0
20190413,P14V2,D3,2,3,D,589.0
20190413,P14V2,D4,1,4,D,1003.0
20190413,P14V2,D4,2,4,D,1008.0
20190413,P14V2,D5,1,5,D,1477.0
20190413,P14V2,D5,2,5,D,1290.0
20190413,P14V2,D6,1,6,D,1201.0
20190413,P14V2,D6,2,6,D,1453.0
20190413,P14V2,D7,1,7,D,1377.0
20190413,P14V2,D7,2,7,D,1208.0
20190413,P14V2,D8,1,8,D,1574.0
20190413,P14V2,D8,2,8,D,1390.0
20190413,P14V2,D9,1,9,D,1173.0
20190413,P14V2,D9,2,9,D,1178.0
20190413,P14V2,V,1,0,V,1197.0
20190413,P14V2,V,2,0,V,1972.0
20190413,P14V3,C,1,0,C,32.0
20190413,P14V3,C,2,0,C,46.0
20190413,P14V3,D1,1,1,D,34.0
20190413,P14V3,D1,2,1,D,37.0
20190413,P14V3,D2,1,2,D,51.0
20190413,P14V3,D2,2,2,D,76.0
20190413,P14V3,D3,1,3,D,120.0
20190413,P14V3,D3,2,3,D,123.0
20190413,P14V3,D4,1,4,D,516.0
20190413,P14V3,D4,2,4,D,597.0
20190413,P14V3,D5,1,5,D,717.0
20190413,P14V3,D5,2,5,D,1096.0
20190413,P14V3,D6,1,6,D,1386.0
20190413,P14V3,D6,2,6,D,1385.0
20190413,P14V3,D7,1,7,D,1606.0
20190413,P14V3,D7,2,7,D,1282.0
20190413,P14V3,D8,1,8,D,1670.0
20190413,P14V3,D8,2,8,D,1490.0
20190413,P14V3,D9,1,9,D,1480.0
20190413,P14V3,D9,2,9,D,1800.0
20190413,P14V3,V,1,0,V,1431.0
20190413,P14V3,V,2,0,V,1821.0
20190413,P14V4,C,1,0,C,44.0
20190413,P14V4,C,2,0,C,27.0
20190413,P14V4,D1,1,1,D,41.0
20190413,P14V4,D1,2,1,D,50.0
20190413,P14V4,D2,1,2,D,79.0
20190413,P14V4,D2,2,2,D,142.0
20190413,P14V4,D3,1,3,D,355.0
20190413,P14V4,D3,2,3,D,245.0
20190413,P14V4,D4,1,4,D,615.0
20190413,P14V4,D4,2,4,D,673.0
20190413,P14V4,D5,1,5,D,920.0
20190413,P14V4,D5,2,5,D,997.0
20190413,P14V4,D6,1,6,D,803.0
20190413,P14V4,D6,2,6,D,801.0
20190413,P14V4,D7,1,7,D,995.0
20190413,P14V4,D7,2,7,D,989.0
20190413,P14V4,D8,1,8,D,1033.0
20190413,P14V4,D8,2,8,D,892.0
20190413,P14V4,D9,1,9,D,888.0
20190413,P14V4,D9,2,9,D,1121.0
20190413,P14V4,V,1,0,V,803.0
20190413,P14V4,V,2,0,V,996.0
20190413,P14V5,C,1,0,C,33.0
20190413,P14V5,C,2,0,C,39.0
20190413,P14V5,D1,1,1,D,42.0
20190413,P14V5,D1,2,1,D,50.0
20190413,P14V5,D2,1,2,D,41.0
20190413,P14V5,D2,2,2,D,31.0
20190413,P14V5,D3,1,3,D,56.0
20190413,P14V5,D3,2,3,D,83.0
20190413,P14V5,D4,1,4,D,270.0
20190413,P14V5,D4,2,4,D,176.0
20190413,P14V5,D5,1,5,D,439.0
20190413,P14V5,D5,2,5,D,434.0
20190413,P14V5,D6,1,6,D,743.0
20190413,P14V5,D6,2,6,D,720.0
20190413,P14V5,D7,1,7,D,651.0
20190413,P14V5,D7,2,7,D,902.0
20190413,P14V5,D8,1,8,D,1631.0
20190413,P14V5,D8,2,8,D,1204.0
20190413,P14V5,D9,1,9,D,931.0
20190413,P14V5,D9,2,9,D,863.0
20190413,P14V5,V,1,0,V,568.0
20190413,P14V5,V,2,0,V,956.0
20190413,P14V6,C,1,0,C,43.0
20190413,P14V6,C,2,0,C,32.0
20190413,P14V6,D1,1,1,D,44.0
20190413,P14V6,D1,2,1,D,52.0
20190413,P14V6,D2,1,2,D,118.0
20190413,P14V6,D2,2,2,D,66.0
20190413,P14V6,D3,1,3,D,128.0
20190413,P14V6,D3,2,3,D,109.0
20190413,P14V6,D4,1,4,D,294.0
20190413,P14V6,D4,2,4,D,428.0
20190413,P14V6,D5,1,5,D,731.0
20190413,P14V6,D5,2,5,D,817.0
20190413,P14V6,D6,1,6,D,1340.0
20190413,P14V6,D6,2,6,D,1214.0
20190413,P14V6,D7,1,7,D,996.0
20190413,P14V6,D7,2,7,D,1077.0
20190413,P14V6,D8,1,8,D,1069.0
20190413,P14V6,D8,2,8,D,1101.0
20190413,P14V6,D9,1,9,D,1637.0
20190413,P14V6,D9,2,9,D,1116.0
20190413,P14V6,V,1,0,V,1177.0
20190413,P14V6,V,2,0,V,1143.0
20190413,P1V1,C,1,0,C,1064.0
20190413,P1V1,C,2,0,C,1202.0
20190413,P1V1,D1,1,1,D,956.0
20190413,P1V1,D1,2,1,D,1188.0
20190413,P1V1,D2,1,2,D,1553.0
20190413,P1V1,D2,2,2,D,2499.0
20190413,P1V1,D3,1,3,D,6045.0
20190413,P1V1,D3,2,3,D,5903.0
20190413,P1V1,D4,1,4,D,19896.0
20190413,P1V1,D4,2,4,D,25854.0
20190413,P1V1,D5,1,5,D,41930.0
20190413,P1V1,D5,2,5,D,43953.0
20190413,P1V1,D6,1,6,D,45265.0
20190413,P1V1,D6,2,6,D,60820.0
20190413,P1V1,D7,1,7,D,55647.0
20190413,P1V1,D7,2,7,D,74898.0
20190413,P1V1,D8,1,8,D,60728.0
20190413,P1V1,D8,2,8,D,72358.0
20190413,P1V1,D9,1,9,D,74131.0
20190413,P1V1,D9,2,9,D,85306.0
20190413,P1V1,V,1,0,V,74415.0
20190413,P1V1,V,2,0,V,97611.0
20190413,P1V2,C,1,0,C,986.0
20190413,P1V2,C,2,0,C,1217.0
20190413,P1V2,D1,1,1,D,961.0
20190413,P1V2,D1,2,1,D,1128.0
20190413,P1V2,D2,1,2,D,1262.0
20190413,P1V2,D2,2,2,D,2058.0
20190413,P1V2,D3,1,3,D,2610.0
20190413,P1V2,D3,2,3,D,3215.0
20190413,P1V2,D4,1,4,D,4226.0
20190413,P1V2,D4,2,4,D,6314.0
20190413,P1V2,D5,1,5,D,7900.0
20190413,P1V2,D5,2,5,D,9755.0
20190413,P1V2,D6,1,6,D,17635.0
20190413,P1V2,D6,2,6,D,23705.0
20190413,P1V2,D7,1,7,D,36402.0
20190413,P1V2,D7,2,7,D,50940.0
20190413,P1V2,D8,1,8,D,50467.0
20190413,P1V2,D8,2,8,D,69384.0
20190413,P1V2,D9,1,9,D,69596.0
20190413,P1V2,D9,2,9,D,81745.0
20190413,P1V2,V,1,0,V,75490.0
20190413,P1V2,V,2,0,V,97342.0
20190413,P1V3,C,1,0,C,987.0
20190413,P1V3,C,2,0,C,1278.0
20190413,P1V3,D1,1,1,D,1668.0
20190413,P1V3,D1,2,1,D,2561.0
20190413,P1V3,D2,1,2,D,16082.0
20190413,P1V3,D2,2,2,D,20751.0
20190413,P1V3,D3,1,3,D,56217.0
20190413,P1V3,D3,2,3,D,71091.0
20190413,P1V3,D4,1,4,D,83095.0
20190413,P1V3,D4,2,4,D,140443.0
20190413,P1V3,D5,1,5,D,139357.0
20190413,P1V3,D5,2,5,D,191249.0
20190413,P1V3,D6,1,6,D,147397.0
20190413,P1V3,D6,2,6,D,213364.0
20190413,P1V3,D7,1,7,D,152625.0
20190413,P1V3,D7,2,7,D,226329.0
20190413,P1V3,D8,1,8,D,166246.0
20190413,P1V3,D8,2,8,D,208685.0
20190413,P1V3,D9,1,9,D,152290.0
20190413,P1V3,D9,2,9,D,238859.0
20190413,P1V3,V,1,0,V,161747.0
20190413,P1V3,V,2,0,V,235759.0
20190413,P1V4,C,1,0,C,949.0
20190413,P1V4,C,2,0,C,1152.0
20190413,P1V4,D1,1,1,D,1002.0
20190413,P1V4,D1,2,1,D,1772.0
20190413,P1V4,D2,1,2,D,9058.0
20190413,P1V4,D2,2,2,D,12787.0
20190413,P1V4,D3,1,3,D,31910.0
20190413,P1V4,D3,2,3,D,39511.0
20190413,P1V4,D4,1,4,D,63844.0
20190413,P1V4,D4,2,4,D,90988.0
20190413,P1V4,D5,1,5,D,87988.0
20190413,P1V4,D5,2,5,D,127303.0
20190413,P1V4,D6,1,6,D,98670.0
20190413,P1V4,D6,2,6,D,154018.0
20190413,P1V4,D7,1,7,D,99481.0
20190413,P1V4,D7,2,7,D,180632.0
20190413,P1V4,D8,1,8,D,116392.0
20190413,P1V4,D8,2,8,D,154292.0
20190413,P1V4,D9,1,9,D,109927.0
20190413,P1V4,D9,2,9,D,158053.0
20190413,P1V4,V,1,0,V,127784.0
20190413,P1V4,V,2,0,V,180869.0
20190413,P1V5,C,1,0,C,1013.0
20190413,P1V5,C,2,0,C,1168.0
20190413,P1V5,D1,1,1,D,1314.0
20190413,P1V5,D1,2,1,D,2008.0
20190413,P1V5,D2,1,2,D,17709.0
20190413,P1V5,D2,2,2,D,23911.0
20190413,P1V5,D3,1,3,D,90981.0
20190413,P1V5,D3,2,3,D,118377.0
20190413,P1V5,D4,1,4,D,221267.0
20190413,P1V5,D4,2,4,D,329943.0
20190413,P1V5,D5,1,5,D,277604.0
20190413,P1V5,D5,2,5,D,423351.0
20190413,P1V5,D6,1,6,D,303529.0
20190413,P1V5,D6,2,6,D,455362.0
20190413,P1V5,D7,1,7,D,328880.0
20190413,P1V5,D7,2,7,D,485318.0
20190413,P1V5,D8,1,8,D,368154.0
20190413,P1V5,D8,2,8,D,501864.0
20190413,P1V5,D9,1,9,D,319733.0
20190413,P1V5,D9,2,9,D,457520.0
20190413,P1V5,V,1,0,V,377395.0
20190413,P1V5,V,2,0,V,549915.0
20190413,P1V6,C,1,0,C,846.0
20190413,P1V6,C,2,0,C,1095.0
20190413,P1V6,D1,1,1,D,1187.0
20190413,P1V6,D1,2,1,D,1144.0
20190413,P1V6,D2,1,2,D,10968.0
20190413,P1V6,D2,2,2,D,12133.0
20190413,P1V6,D3,1,3,D,52541.0
20190413,P1V6,D3,2,3,D,57646.0
20190413,P1V6,D4,1,4,D,149234.0
20190413,P1V6,D4,2,4,D,144127.0
20190413,P1V6,D5,1,5,D,189252.0
20190413,P1V6,D5,2,5,D,235070.0
20190413,P1V6,D6,1,6,D,236682.0
20190413,P1V6,D6,2,6,D,255577.0
20190413,P1V6,D7,1,7,D,245663.0
20190413,P1V6,D7,2,7,D,286389.0
20190413,P1V6,D8,1,8,D,268956.0
20190413,P1V6,D8,2,8,D,300810.0
20190413,P1V6,D9,1,9,D,225889.0
20190413,P1V6,D9,2,9,D,297589.0
20190413,P1V6,V,1,0,V,284809.0
20190413,P1V6,V,2,0,V,311199.0
20190413,P2V1,C,1,0,C,1161.0
20190413,P2V1,C,2,0,C,1176.0
20190413,P2V1,D1,1,1,D,1058.0
20190413,P2V1,D1,2,1,D,1522.0
20190413,P2V1,D2,1,2,D,3542.0
20190413,P2V1,D2,2,2,D,2495.0
20190413,P2V1,D3,1,3,D,4305.0
20190413,P2V1,D3,2,3,D,7083.0
20190413,P2V1,D4,1,4,D,13029.0
20190413,P2V1,D4,2,4,D,17591.0
20190413,P2V1,D5,1,5,D,30579.0
20190413,P2V1,D5,2,5,D,37260.0
20190413,P2V1,D6,1,6,D,40333.0
20190413,P2V1,D6,2,6,D,52434.0
20190413,P2V1,D7,1,7,D,39376.0
20190413,P2V1,D7,2,7,D,40272.0
20190413,P2V1,D8,1,8,D,39521.0
20190413,P2V1,D8,2,8,D,49000.0
20190413,P2V1,D9,1,9,D,36684.0
20190413,P2V1,D9,2,9,D,52094.0
20190413,P2V1,V,1,0,V,32619.0
20190413,P2V1,V,2,0,V,55508.0
20190413,P2V2,C,1,0,C,1294.0
20190413,P2V2,C,2,0,C,1140.0
20190413,P2V2,D1,1,1,D,881.0
20190413,P2V2,D1,2,1,D,1366.0
20190413,P2V2,D2,1,2,D,2311.0
20190413,P2V2,D2,2,2,D,2355.0
20190413,P2V2,D3,1,3,D,5663.0
20190413,P2V2,D3,2,3,D,9291.0
20190413,P2V2,D4,1,4,D,16279.0
20190413,P2V2,D4,2,4,D,25758.0
20190413,P2V2,D5,1,5,D,36243.0
20190413,P2V2,D5,2,5,D,57464.0
20190413,P2V2,D6,1,6,D,54934.0
20190413,P2V2,D6,2,6,D,98392.0
20190413,P2V2,D7,1,7,D,69438.0
20190413,P2V2,D7,2,7,D,77898.0
20190413,P2V2,D8,1,8,D,60196.0
20190413,P2V2,D8,2,8,D,92824.0
20190413,P2V2,D9,1,9,D,54373.0
20190413,P2V2,D9,2,9,D,92610.0
20190413,P2V2,V,1,0,V,52478.0
20190413,P2V2,V,2,0,V,102596.0
20190413,P2V3,C,1,0,C,1177.0
20190413,P2V3,C,2,0,C,1178.0
20190413,P2V3,D1,1,1,D,1174.0
20190413,P2V3,D1,2,1,D,1477.0
20190413,P2V3,D2,1,2,D,2537.0
20190413,P2V3,D2,2,2,D,2683.0
20190413,P2V3,D3,1,3,D,6924.0
20190413,P2V3,D3,2,3,D,6613.0
20190413,P2V3,D4,1,4,D,16368.0
20190413,P2V3,D4,2,4,D,23134.0
20190413,P2V3,D5,1,5,D,42700.0
20190413,P2V3,D5,2,5,D,50854.0
20190413,P2V3,D6,1,6,D,51790.0
20190413,P2V3,D6,2,6,D,75986.0
20190413,P2V3,D7,1,7,D,58610.0
20190413,P2V3,D7,2,7,D,65236.0
20190413,P2V3,D8,1,8,D,61135.0
20190413,P2V3,D8,2,8,D,76267.0
20190413,P2V3,D9,1,9,D,52558.0
20190413,P2V3,D9,2,9,D,71716.0
20190413,P2V3,V,1,0,V,63570.0
20190413,P2V3,V,2,0,V,75395.0
20190413,P2V4,C,1,0,C,1127.0
20190413,P2V4,C,2,0,C,1170.0
20190413,P2V4,D1,1,1,D,1108.0
20190413,P2V4,D1,2,1,D,1383.0
20190413,P2V4,D2,1,2,D,3315.0
20190413,P2V4,D2,2,2,D,3284.0
20190413,P2V4,D3,1,3,D,5282.0
20190413,P2V4,D3,2,3,D,7972.0
20190413,P2V4,D4,1,4,D,11767.0
20190413,P2V4,D4,2,4,D,15656.0
20190413,P2V4,D5,1,5,D,22469.0
20190413,P2V4,D5,2,5,D,31530.0
20190413,P2V4,D6,1,6,D,32262.0
20190413,P2V4,D6,2,6,D,52900.0
20190413,P2V4,D7,1,7,D,36514.0
20190413,P2V4,D7,2,7,D,47016.0
20190413,P2V4,D8,1,8,D,40739.0
20190413,P2V4,D8,2,8,D,50375.0
20190413,P2V4,D9,1,9,D,32228.0
20190413,P2V4,D9,2,9,D,41657.0
20190413,P2V4,V,1,0,V,31894.0
20190413,P2V4,V,2,0,V,45680.0
20190413,P2V5,C,1,0,C,975.0
20190413,P2V5,C,2,0,C,1145.0
20190413,P2V5,D1,1,1,D,725.0
20190413,P2V5,D1,2,1,D,1035.0
20190413,P2V5,D2,1,2,D,1194.0
20190413,P2V5,D2,2,2,D,2056.0
20190413,P2V5,D3,1,3,D,2473.0
20190413,P2V5,D3,2,3,D,5331.0
20190413,P2V5,D4,1,4,D,10213.0
20190413,P2V5,D4,2,4,D,22428.0
20190413,P2V5,D5,1,5,D,20899.0
20190413,P2V5,D5,2,5,D,57803.0
20190413,P2V5,D6,1,6,D,52493.0
20190413,P2V5,D6,2,6,D,88710.0
20190413,P2V5,D7,1,7,D,59225.0
20190413,P2V5,D7,2,7,D,112544.0
20190413,P2V5,D8,1,8,D,73459.0
20190413,P2V5,D8,2,8,D,112046.0
20190413,P2V5,D9,1,9,D,71624.0
20190413,P2V5,D9,2,9,D,102871.0
20190413,P2V5,V,1,0,V,66799.0
20190413,P2V5,V,2,0,V,100719.0
20190413,P2V6,C,1,0,C,1104.0
20190413,P2V6,C,2,0,C,1167.0
20190413,P2V6,D1,1,1,D,1390.0
20190413,P2V6,D1,2,1,D,1336.0
20190413,P2V6,D2,1,2,D,2054.0
20190413,P2V6,D2,2,2,D,2812.0
20190413,P2V6,D3,1,3,D,6283.0
20190413,P2V6,D3,2,3,D,5654.0
20190413,P2V6,D4,1,4,D,10109.0
20190413,P2V6,D4,2,4,D,12947.0
20190413,P2V6,D5,1,5,D,27901.0
20190413,P2V6,D5,2,5,D,26036.0
20190413,P2V6,D6,1,6,D,36970.0
20190413,P2V6,D6,2,6,D,44693.0
20190413,P2V6,D7,1,7,D,34300.0
20190413,P2V6,D7,2,7,D,42159.0
20190413,P2V6,D8,1,8,D,44566.0
20190413,P2V6,D8,2,8,D,42981.0
20190413,P2V6,D9,1,9,D,39903.0
20190413,P2V6,D9,2,9,D,41431.0
20190413,P2V6,V,1,0,V,36038.0
20190413,P2V6,V,2,0,V,45589.0
20190413,P3V1,C,1,0,C,1245.0
20190413,P3V1,C,2,0,C,1145.0
20190413,P3V1,D1,1,1,D,1112.0
20190413,P3V1,D1,2,1,D,1120.0
20190413,P3V1,D2,1,2,D,1587.0
20190413,P3V1,D2,2,2,D,1425.0
20190413,P3V1,D3,1,3,D,6159.0
20190413,P3V1,D3,2,3,D,7891.0
20190413,P3V1,D4,1,4,D,13316.0
20190413,P3V1,D4,2,4,D,20412.0
20190413,P3V1,D5,1,5,D,37098.0
20190413,P3V1,D5,2,5,D,45580.0
20190413,P3V1,D6,1,6,D,53249.0
20190413,P3V1,D6,2,6,D,63606.0
20190413,P3V1,D7,1,7,D,69115.0
20190413,P3V1,D7,2,7,D,72608.0
20190413,P3V1,D8,1,8,D,69446.0
20190413,P3V1,D8,2,8,D,68978.0
20190413,P3V1,D9,1,9,D,65369.0
20190413,P3V1,D9,2,9,D,74155.0
20190413,P3V1,V,1,0,V,64729.0
20190413,P3V1,V,2,0,V,81899.0
20190413,P3V2,C,1,0,C,1021.0
20190413,P3V2,C,2,0,C,1091.0
20190413,P3V2,D1,1,1,D,1015.0
20190413,P3V2,D1,2,1,D,1117.0
20190413,P3V2,D2,1,2,D,1443.0
20190413,P3V2,D2,2,2,D,1474.0
20190413,P3V2,D3,1,3,D,3009.0
20190413,P3V2,D3,2,3,D,3001.0
20190413,P3V2,D4,1,4,D,7371.0
20190413,P3V2,D4,2,4,D,8169.0
20190413,P3V2,D5,1,5,D,19167.0
20190413,P3V2,D5,2,5,D,21265.0
20190413,P3V2,D6,1,6,D,30607.0
20190413,P3V2,D6,2,6,D,33697.0
20190413,P3V2,D7,1,7,D,41978.0
20190413,P3V2,D7,2,7,D,66922.0
20190413,P3V2,D8,1,8,D,51218.0
20190413,P3V2,D8,2,8,D,47240.0
20190413,P3V2,D9,1,9,D,47118.0
20190413,P3V2,D9,2,9,D,55949.0
20190413,P3V2,V,1,0,V,49411.0
20190413,P3V2,V,2,0,V,58636.0
20190413,P3V3,C,1,0,C,1187.0
20190413,P3V3,C,2,0,C,1097.0
20190413,P3V3,D1,1,1,D,1059.0
20190413,P3V3,D1,2,1,D,1247.0
20190413,P3V3,D2,1,2,D,1086.0
20190413,P3V3,D2,2,2,D,1719.0
20190413,P3V3,D3,1,3,D,2850.0
20190413,P3V3,D3,2,3,D,4530.0
20190413,P3V3,D4,1,4,D,8555.0
20190413,P3V3,D4,2,4,D,13365.0
20190413,P3V3,D5,1,5,D,18101.0
20190413,P3V3,D5,2,5,D,28937.0
20190413,P3V3,D6,1,6,D,31340.0
20190413,P3V3,D6,2,6,D,42759.0
20190413,P3V3,D7,1,7,D,42736.0
20190413,P3V3,D7,2,7,D,57715.0
20190413,P3V3,D8,1,8,D,42263.0
20190413,P3V3,D8,2,8,D,61862.0
20190413,P3V3,D9,1,9,D,44132.0
20190413,P3V3,D9,2,9,D,62641.0
20190413,P3V3,V,1,0,V,49433.0
20190413,P3V3,V,2,0,V,66202.0
20190413,P3V4,C,1,0,C,1172.0
20190413,P3V4,C,2,0,C,1072.0
20190413,P3V4,D1,1,1,D,1630.0
20190413,P3V4,D1,2,1,D,1788.0
20190413,P3V4,D2,1,2,D,16547.0
20190413,P3V4,D2,2,2,D,17639.0
20190413,P3V4,D3,1,3,D,48121.0
20190413,P3V4,D3,2,3,D,60209.0
20190413,P3V4,D4,1,4,D,86122.0
20190413,P3V4,D4,2,4,D,104505.0
20190413,P3V4,D5,1,5,D,96635.0
20190413,P3V4,D5,2,5,D,135914.0
20190413,P3V4,D6,1,6,D,99485.0
20190413,P3V4,D6,2,6,D,139151.0
20190413,P3V4,D7,1,7,D,106919.0
20190413,P3V4,D7,2,7,D,166759.0
20190413,P3V4,D8,1,8,D,105479.0
20190413,P3V4,D8,2,8,D,136617.0
20190413,P3V4,D9,1,9,D,116055.0
20190413,P3V4,D9,2,9,D,150609.0
20190413,P3V4,V,1,0,V,127365.0
20190413,P3V4,V,2,0,V,176676.0
20190413,P3V5,C,1,0,C,1135.0
20190413,P3V5,C,2,0,C,1255.0
20190413,P3V5,D1,1,1,D,1093.0
20190413,P3V5,D1,2,1,D,1208.0
20190413,P3V5,D2,1,2,D,1418.0
20190413,P3V5,D2,2,2,D,1749.0
20190413,P3V5,D3,1,3,D,1507.0
20190413,P3V5,D3,2,3,D,2350.0
20190413,P3V5,D4,1,4,D,5192.0
20190413,P3V5,D4,2,4,D,5374.0
20190413,P3V5,D5,1,5,D,15986.0
20190413,P3V5,D5,2,5,D,19453.0
20190413,P3V5,D6,1,6,D,25004.0
20190413,P3V5,D6,2,6,D,32811.0
20190413,P3V5,D7,1,7,D,36920.0
20190413,P3V5,D7,2,7,D,40240.0
20190413,P3V5,D8,1,8,D,34440.0
20190413,P3V5,D8,2,8,D,37136.0
20190413,P3V5,D9,1,9,D,37023.0
20190413,P3V5,D9,2,9,D,41374.0
20190413,P3V5,V,1,0,V,49109.0
20190413,P3V5,V,2,0,V,46443.0
20190413,P3V6,C,1,0,C,1182.0
20190413,P3V6,C,2,0,C,1501.0
20190413,P3V6,D1,1,1,D,1314.0
20190413,P3V6,D1,2,1,D,1245.0
20190413,P3V6,D2,1,2,D,2431.0
20190413,P3V6,D2,2,2,D,2644.0
20190413,P3V6,D3,1,3,D,14167.0
20190413,P3V6,D3,2,3,D,16393.0
20190413,P3V6,D4,1,4,D,54449.0
20190413,P3V6,D4,2,4,D,60158.0
20190413,P3V6,D5,1,5,D,124615.0
20190413,P3V6,D5,2,5,D,136495.0
20190413,P3V6,D6,1,6,D,192637.0
20190413,P3V6,D6,2,6,D,180215.0
20190413,P3V6,D7,1,7,D,184497.0
20190413,P3V6,D7,2,7,D,205502.0
20190413,P3V6,D8,1,8,D,232732.0
20190413,P3V6,D8,2,8,D,268253.0
20190413,P3V6,D9,1,9,D,211550.0
20190413,P3V6,D9,2,9,D,237106.0
20190413,P3V6,V,1,0,V,241375.0
20190413,P3V6,V,2,0,V,255324.0
20190413,P4V1,C,1,0,C,1049.0
20190413,P4V1,C,2,0,C,1169.0
20190413,P4V1,D1,1,1,D,977.0
20190413,P4V1,D1,2,1,D,1069.0
20190413,P4V1,D2,1,2,D,1392.0
20190413,P4V1,D2,2,2,D,1566.0
20190413,P4V1,D3,1,3,D,5221.0
20190413,P4V1,D3,2,3,D,4618.0
20190413,P4V1,D4,1,4,D,10931.0
20190413,P4V1,D4,2,4,D,10351.0
20190413,P4V1,D5,1,5,D,28055.0
20190413,P4V1,D5,2,5,D,29799.0
20190413,P4V1,D6,1,6,D,43285.0
20190413,P4V1,D6,2,6,D,53612.0
20190413,P4V1,D7,1,7,D,47041.0
20190413,P4V1,D7,2,7,D,54338.0
20190413,P4V1,D8,1,8,D,47615.0
20190413,P4V1,D8,2,8,D,41424.0
20190413,P4V1,D9,1,9,D,44879.0
20190413,P4V1,D9,2,9,D,56369.0
20190413,P4V1,V,1,0,V,43923.0
20190413,P4V1,V,2,0,V,62331.0
20190413,P4V2,C,1,0,C,1140.0
20190413,P4V2,C,2,0,C,1037.0
20190413,P4V2,D1,1,1,D,1077.0
20190413,P4V2,D1,2,1,D,1054.0
20190413,P4V2,D2,1,2,D,2034.0
20190413,P4V2,D2,2,2,D,3517.0
20190413,P4V2,D3,1,3,D,10009.0
20190413,P4V2,D3,2,3,D,9967.0
20190413,P4V2,D4,1,4,D,22031.0
20190413,P4V2,D4,2,4,D,27240.0
20190413,P4V2,D5,1,5,D,35670.0
20190413,P4V2,D5,2,5,D,44701.0
20190413,P4V2,D6,1,6,D,43428.0
20190413,P4V2,D6,2,6,D,60476.0
20190413,P4V2,D7,1,7,D,46282.0
20190413,P4V2,D7,2,7,D,62399.0
20190413,P4V2,D8,1,8,D,55505.0
20190413,P4V2,D8,2,8,D,59833.0
20190413,P4V2,D9,1,9,D,55938.0
20190413,P4V2,D9,2,9,D,70863.0
20190413,P4V2,V,1,0,V,54322.0
20190413,P4V2,V,2,0,V,75276.0
20190413,P4V3,C,1,0,C,993.0
20190413,P4V3,C,2,0,C,1122.0
20190413,P4V3,D1,1,1,D,945.0
20190413,P4V3,D1,2,1,D,1107.0
20190413,P4V3,D2,1,2,D,1945.0
20190413,P4V3,D2,2,2,D,1489.0
20190413,P4V3,D3,1,3,D,4442.0
20190413,P4V3,D3,2,3,D,4398.0
20190413,P4V3,D4,1,4,D,15049.0
20190413,P4V3,D4,2,4,D,18033.0
20190413,P4V3,D5,1,5,D,49673.0
20190413,P4V3,D5,2,5,D,62965.0
20190413,P4V3,D6,1,6,D,83154.0
20190413,P4V3,D6,2,6,D,115442.0
20190413,P4V3,D7,1,7,D,123418.0
20190413,P4V3,D7,2,7,D,135250.0
20190413,P4V3,D8,1,8,D,114735.0
20190413,P4V3,D8,2,8,D,126098.0
20190413,P4V3,D9,1,9,D,113073.0
20190413,P4V3,D9,2,9,D,153060.0
20190413,P4V3,V,1,0,V,118191.0
20190413,P4V3,V,2,0,V,170116.0
20190413,P4V4,C,1,0,C,1200.0
20190413,P4V4,C,2,0,C,1040.0
20190413,P4V4,D1,1,1,D,925.0
20190413,P4V4,D1,2,1,D,1183.0
20190413,P4V4,D2,1,2,D,3095.0
20190413,P4V4,D2,2,2,D,5411.0
20190413,P4V4,D3,1,3,D,8720.0
20190413,P4V4,D3,2,3,D,10061.0
20190413,P4V4,D4,1,4,D,17346.0
20190413,P4V4,D4,2,4,D,22761.0
20190413,P4V4,D5,1,5,D,28281.0
20190413,P4V4,D5,2,5,D,43654.0
20190413,P4V4,D6,1,6,D,35962.0
20190413,P4V4,D6,2,6,D,52608.0
20190413,P4V4,D7,1,7,D,41685.0
20190413,P4V4,D7,2,7,D,50980.0
20190413,P4V4,D8,1,8,D,47586.0
20190413,P4V4,D8,2,8,D,49367.0
20190413,P4V4,D9,1,9,D,45954.0
20190413,P4V4,D9,2,9,D,68321.0
20190413,P4V4,V,1,0,V,49601.0
20190413,P4V4,V,2,0,V,62952.0
20190413,P4V5,C,1,0,C,994.0
20190413,P4V5,C,2,0,C,1150.0
20190413,P4V5,D1,1,1,D,790.0
20190413,P4V5,D1,2,1,D,1021.0
20190413,P4V5,D2,1,2,D,2663.0
20190413,P4V5,D2,2,2,D,3270.0
20190413,P4V5,D3,1,3,D,7352.0
20190413,P4V5,D3,2,3,D,9184.0
20190413,P4V5,D4,1,4,D,19691.0
20190413,P4V5,D4,2,4,D,23789.0
20190413,P4V5,D5,1,5,D,35948.0
20190413,P4V5,D5,2,5,D,53157.0
20190413,P4V5,D6,1,6,D,46057.0
20190413,P4V5,D6,2,6,D,69163.0
20190413,P4V5,D7,1,7,D,49295.0
20190413,P4V5,D7,2,7,D,61126.0
20190413,P4V5,D8,1,8,D,52933.0
20190413,P4V5,D8,2,8,D,58210.0
20190413,P4V5,D9,1,9,D,55761.0
20190413,P4V5,D9,2,9,D,74322.0
20190413,P4V5,V,1,0,V,53372.0
20190413,P4V5,V,2,0,V,74098.0
20190413,P4V6,C,1,0,C,1032.0
20190413,P4V6,C,2,0,C,1087.0
20190413,P4V6,D1,1,1,D,1504.0
20190413,P4V6,D1,2,1,D,1530.0
20190413,P4V6,D2,1,2,D,4194.0
20190413,P4V6,D2,2,2,D,4583.0
20190413,P4V6,D3,1,3,D,18361.0
20190413,P4V6,D3,2,3,D,18763.0
20190413,P4V6,D4,1,4,D,66826.0
20190413,P4V6,D4,2,4,D,60954.0
20190413,P4V6,D5,1,5,D,140603.0
20190413,P4V6,D5,2,5,D,144197.0
20190413,P4V6,D6,1,6,D,177938.0
20190413,P4V6,D6,2,6,D,194671.0
20190413,P4V6,D7,1,7,D,204898.0
20190413,P4V6,D7,2,7,D,195513.0
20190413,P4V6,D8,1,8,D,195659.0
20190413,P4V6,D8,2,8,D,185946.0
20190413,P4V6,D9,1,9,D,191008.0
20190413,P4V6,D9,2,9,D,201516.0
20190413,P4V6,V,1,0,V,190600.0
20190413,P4V6,V,2,0,V,232141.0
20190413,P5V1,C,1,0,C,1168.0
20190413,P5V1,C,2,0,C,1172.0
20190413,P5V1,D1,1,1,D,1141.0
20190413,P5V1,D1,2,1,D,1286.0
20190413,P5V1,D2,1,2,D,1490.0
20190413,P5V1,D2,2,2,D,2032.0
20190413,P5V1,D3,1,3,D,2828.0
20190413,P5V1,D3,2,3,D,3339.0
20190413,P5V1,D4,1,4,D,6176.0
20190413,P5V1,D4,2,4,D,7366.0
20190413,P5V1,D5,1,5,D,8963.0
20190413,P5V1,D5,2,5,D,11348.0
20190413,P5V1,D6,1,6,D,10690.0
20190413,P5V1,D6,2,6,D,12926.0
20190413,P5V1,D7,1,7,D,14808.0
20190413,P5V1,D7,2,7,D,15158.0
20190413,P5V1,D8,1,8,D,16001.0
20190413,P5V1,D8,2,8,D,17259.0
20190413,P5V1,D9,1,9,D,17524.0
20190413,P5V1,D9,2,9,D,15251.0
20190413,P5V1,V,1,0,V,16922.0
20190413,P5V1,V,2,0,V,16690.0
20190413,P5V2,C,1,0,C,1178.0
20190413,P5V2,C,2,0,C,1157.0
20190413,P5V2,D1,1,1,D,1476.0
20190413,P5V2,D1,2,1,D,1383.0
20190413,P5V2,D2,1,2,D,4075.0
20190413,P5V2,D2,2,2,D,4066.0
20190413,P5V2,D3,1,3,D,18262.0
20190413,P5V2,D3,2,3,D,19069.0
20190413,P5V2,D4,1,4,D,36406.0
20190413,P5V2,D4,2,4,D,41570.0
20190413,P5V2,D5,1,5,D,81347.0
20190413,P5V2,D5,2,5,D,73846.0
20190413,P5V2,D6,1,6,D,91212.0
20190413,P5V2,D6,2,6,D,104106.0
20190413,P5V2,D7,1,7,D,108952.0
20190413,P5V2,D7,2,7,D,123736.0
20190413,P5V2,D8,1,8,D,112768.0
20190413,P5V2,D8,2,8,D,127930.0
20190413,P5V2,D9,1,9,D,133252.0
20190413,P5V2,D9,2,9,D,132352.0
20190413,P5V2,V,1,0,V,140631.0
20190413,P5V2,V,2,0,V,141768.0
20190413,P5V3,C,1,0,C,1050.0
20190413,P5V3,C,2,0,C,1184.0
20190413,P5V3,D1,1,1,D,1514.0
20190413,P5V3,D1,2,1,D,1412.0
20190413,P5V3,D2,1,2,D,1473.0
20190413,P5V3,D2,2,2,D,1957.0
20190413,P5V3,D3,1,3,D,2746.0
20190413,P5V3,D3,2,3,D,3734.0
20190413,P5V3,D4,1,4,D,4908.0
20190413,P5V3,D4,2,4,D,6717.0
20190413,P5V3,D5,1,5,D,11797.0
20190413,P5V3,D5,2,5,D,13117.0
20190413,P5V3,D6,1,6,D,13956.0
20190413,P5V3,D6,2,6,D,13078.0
20190413,P5V3,D7,1,7,D,14349.0
20190413,P5V3,D7,2,7,D,15514.0
20190413,P5V3,D8,1,8,D,14837.0
20190413,P5V3,D8,2,8,D,16321.0
20190413,P5V3,D9,1,9,D,15784.0
20190413,P5V3,D9,2,9,D,14534.0
20190413,P5V3,V,1,0,V,18467.0
20190413,P5V3,V,2,0,V,14930.0
20190413,P5V4,C,1,0,C,1057.0
20190413,P5V4,C,2,0,C,1152.0
20190413,P5V4,D1,1,1,D,1407.0
20190413,P5V4,D1,2,1,D,1231.0
20190413,P5V4,D2,1,2,D,2726.0
20190413,P5V4,D2,2,2,D,3309.0
20190413,P5V4,D3,1,3,D,13787.0
20190413,P5V4,D3,2,3,D,15505.0
20190413,P5V4,D4,1,4,D,32583.0
20190413,P5V4,D4,2,4,D,46773.0
20190413,P5V4,D5,1,5,D,60569.0
20190413,P5V4,D5,2,5,D,67910.0
20190413,P5V4,D6,1,6,D,82805.0
20190413,P5V4,D6,2,6,D,94580.0
20190413,P5V4,D7,1,7,D,86365.0
20190413,P5V4,D7,2,7,D,105223.0
20190413,P5V4,D8,1,8,D,91790.0
20190413,P5V4,D8,2,8,D,107846.0
20190413,P5V4,D9,1,9,D,91269.0
20190413,P5V4,D9,2,9,D,91928.0
20190413,P5V4,V,1,0,V,92861.0
20190413,P5V4,V,2,0,V,106555.0
20190413,P5V5,C,1,0,C,1138.0
20190413,P5V5,C,2,0,C,1188.0
20190413,P5V5,D1,1,1,D,1574.0
20190413,P5V5,D1,2,1,D,1537.0
20190413,P5V5,D2,1,2,D,4415.0
20190413,P5V5,D2,2,2,D,3788.0
20190413,P5V5,D3,1,3,D,16194.0
20190413,P5V5,D3,2,3,D,16792.0
20190413,P5V5,D4,1,4,D,30720.0
20190413,P5V5,D4,2,4,D,34214.0
20190413,P5V5,D5,1,5,D,45307.0
20190413,P5V5,D5,2,5,D,50500.0
20190413,P5V5,D6,1,6,D,60776.0
20190413,P5V5,D6,2,6,D,58377.0
20190413,P5V5,D7,1,7,D,63516.0
20190413,P5V5,D7,2,7,D,71494.0
20190413,P5V5,D8,1,8,D,62525.0
20190413,P5V5,D8,2,8,D,81968.0
20190413,P5V5,D9,1,9,D,71865.0
20190413,P5V5,D9,2,9,D,76689.0
20190413,P5V5,V,1,0,V,82766.0
20190413,P5V5,V,2,0,V,88745.0
20190413,P5V6,C,1,0,C,1078.0
20190413,P5V6,C,2,0,C,1103.0
20190413,P5V6,D1,1,1,D,1904.0
20190413,P5V6,D1,2,1,D,2060.0
20190413,P5V6,D2,1,2,D,15775.0
20190413,P5V6,D2,2,2,D,19773.0
20190413,P5V6,D3,1,3,D,53509.0
20190413,P5V6,D3,2,3,D,56081.0
20190413,P5V6,D4,1,4,D,93835.0
20190413,P5V6,D4,2,4,D,104986.0
20190413,P5V6,D5,1,5,D,124324.0
20190413,P5V6,D5,2,5,D,123590.0
20190413,P5V6,D6,1,6,D,123318.0
20190413,P5V6,D6,2,6,D,143528.0
20190413,P5V6,D7,1,7,D,132852.0
20190413,P5V6,D7,2,7,D,139108.0
20190413,P5V6,D8,1,8,D,137669.0
20190413,P5V6,D8,2,8,D,146267.0
20190413,P5V6,D9,1,9,D,136145.0
20190413,P5V6,D9,2,9,D,147166.0
20190413,P5V6,V,1,0,V,149363.0
20190413,P5V6,V,2,0,V,149646.0
20190413,P6V1,C,1,0,C,1242.0
20190413,P6V1,C,2,0,C,1194.0
20190413,P6V1,D1,1,1,D,1070.0
20190413,P6V1,D1,2,1,D,1228.0
20190413,P6V1,D2,1,2,D,3269.0
20190413,P6V1,D2,2,2,D,3446.0
20190413,P6V1,D3,1,3,D,10813.0
20190413,P6V1,D3,2,3,D,12302.0
20190413,P6V1,D4,1,4,D,26375.0
20190413,P6V1,D4,2,4,D,34727.0
20190413,P6V1,D5,1,5,D,57995.0
20190413,P6V1,D5,2,5,D,61812.0
20190413,P6V1,D6,1,6,D,70419.0
20190413,P6V1,D6,2,6,D,77697.0
20190413,P6V1,D7,1,7,D,77974.0
20190413,P6V1,D7,2,7,D,83595.0
20190413,P6V1,D8,1,8,D,81232.0
20190413,P6V1,D8,2,8,D,78139.0
20190413,P6V1,D9,1,9,D,83033.0
20190413,P6V1,D9,2,9,D,99537.0
20190413,P6V1,V,1,0,V,85164.0
20190413,P6V1,V,2,0,V,101626.0
20190413,P6V2,C,1,0,C,1250.0
20190413,P6V2,C,2,0,C,1254.0
20190413,P6V2,D1,1,1,D,1251.0
20190413,P6V2,D1,2,1,D,1418.0
20190413,P6V2,D2,1,2,D,12622.0
20190413,P6V2,D2,2,2,D,15465.0
20190413,P6V2,D3,1,3,D,65362.0
20190413,P6V2,D3,2,3,D,54522.0
20190413,P6V2,D4,1,4,D,82159.0
20190413,P6V2,D4,2,4,D,84130.0
20190413,P6V2,D5,1,5,D,95323.0
20190413,P6V2,D5,2,5,D,94646.0
20190413,P6V2,D6,1,6,D,95671.0
20190413,P6V2,D6,2,6,D,106641.0
20190413,P6V2,D7,1,7,D,100274.0
20190413,P6V2,D7,2,7,D,96905.0
20190413,P6V2,D8,1,8,D,104625.0
20190413,P6V2,D8,2,8,D,102443.0
20190413,P6V2,D9,1,9,D,97756.0
20190413,P6V2,D9,2,9,D,111817.0
20190413,P6V2,V,1,0,V,106857.0
20190413,P6V2,V,2,0,V,96974.0
20190413,P6V3,C,1,0,C,1248.0
20190413,P6V3,C,2,0,C,1211.0
20190413,P6V3,D1,1,1,D,1233.0
20190413,P6V3,D1,2,1,D,1400.0
20190413,P6V3,D2,1,2,D,4483.0
20190413,P6V3,D2,2,2,D,4686.0
20190413,P6V3,D3,1,3,D,23747.0
20190413,P6V3,D3,2,3,D,20748.0
20190413,P6V3,D4,1,4,D,34491.0
20190413,P6V3,D4,2,4,D,43036.0
20190413,P6V3,D5,1,5,D,120812.0
20190413,P6V3,D5,2,5,D,104494.0
20190413,P6V3,D6,1,6,D,181022.0
20190413,P6V3,D6,2,6,D,178728.0
20190413,P6V3,D7,1,7,D,219831.0
20190413,P6V3,D7,2,7,D,182273.0
20190413,P6V3,D8,1,8,D,178787.0
20190413,P6V3,D8,2,8,D,169444.0
20190413,P6V3,D9,1,9,D,174977.0
20190413,P6V3,D9,2,9,D,179989.0
20190413,P6V3,V,1,0,V,205389.0
20190413,P6V3,V,2,0,V,196504.0
20190413,P6V4,C,1,0,C,1152.0
20190413,P6V4,C,2,0,C,1273.0
20190413,P6V4,D1,1,1,D,1307.0
20190413,P6V4,D1,2,1,D,1373.0
20190413,P6V4,D2,1,2,D,2042.0
20190413,P6V4,D2,2,2,D,1807.0
20190413,P6V4,D3,1,3,D,6951.0
20190413,P6V4,D3,2,3,D,5849.0
20190413,P6V4,D4,1,4,D,12697.0
20190413,P6V4,D4,2,4,D,14866.0
20190413,P6V4,D5,1,5,D,28133.0
20190413,P6V4,D5,2,5,D,30342.0
20190413,P6V4,D6,1,6,D,40929.0
20190413,P6V4,D6,2,6,D,44060.0
20190413,P6V4,D7,1,7,D,46829.0
20190413,P6V4,D7,2,7,D,49520.0
20190413,P6V4,D8,1,8,D,50481.0
20190413,P6V4,D8,2,8,D,57355.0
20190413,P6V4,D9,1,9,D,48757.0
20190413,P6V4,D9,2,9,D,47126.0
20190413,P6V4,V,1,0,V,51154.0
20190413,P6V4,V,2,0,V,60191.0
20190413,P6V5,C,1,0,C,1111.0
20190413,P6V5,C,2,0,C,1251.0
20190413,P6V5,D1,1,1,D,1298.0
20190413,P6V5,D1,2,1,D,1292.0
20190413,P6V5,D2,1,2,D,2382.0
20190413,P6V5,D2,2,2,D,2257.0
20190413,P6V5,D3,1,3,D,9746.0
20190413,P6V5,D3,2,3,D,9148.0
20190413,P6V5,D4,1,4,D,16412.0
20190413,P6V5,D4,2,4,D,18245.0
20190413,P6V5,D5,1,5,D,36342.0
20190413,P6V5,D5,2,5,D,38104.0
20190413,P6V5,D6,1,6,D,47567.0
20190413,P6V5,D6,2,6,D,53018.0
20190413,P6V5,D7,1,7,D,47318.0
20190413,P6V5,D7,2,7,D,57578.0
20190413,P6V5,D8,1,8,D,60400.0
20190413,P6V5,D8,2,8,D,62361.0
20190413,P6V5,D9,1,9,D,55923.0
20190413,P6V5,D9,2,9,D,63110.0
20190413,P6V5,V,1,0,V,59358.0
20190413,P6V5,V,2,0,V,59277.0
20190413,P6V6,C,1,0,C,1120.0
20190413,P6V6,C,2,0,C,1347.0
20190413,P6V6,D1,1,1,D,1552.0
20190413,P6V6,D1,2,1,D,1511.0
20190413,P6V6,D2,1,2,D,3377.0
20190413,P6V6,D2,2,2,D,2583.0
20190413,P6V6,D3,1,3,D,9593.0
20190413,P6V6,D3,2,3,D,10045.0
20190413,P6V6,D4,1,4,D,31886.0
20190413,P6V6,D4,2,4,D,30307.0
20190413,P6V6,D5,1,5,D,69755.0
20190413,P6V6,D5,2,5,D,65181.0
20190413,P6V6,D6,1,6,D,82690.0
20190413,P6V6,D6,2,6,D,89517.0
20190413,P6V6,D7,1,7,D,95337.0
20190413,P6V6,D7,2,7,D,88687.0
20190413,P6V6,D8,1,8,D,110738.0
20190413,P6V6,D8,2,8,D,99446.0
20190413,P6V6,D9,1,9,D,113825.0
20190413,P6V6,D9,2,9,D,102175.0
20190413,P6V6,V,1,0,V,91823.0
20190413,P6V6,V,2,0,V,93165.0
20190413,P7V1,C,1,0,C,932.0
20190413,P7V1,C,2,0,C,1150.0
20190413,P7V1,D1,1,1,D,1176.0
20190413,P7V1,D1,2,1,D,1255.0
20190413,P7V1,D2,1,2,D,7986.0
20190413,P7V1,D2,2,2,D,7810.0
20190413,P7V1,D3,1,3,D,45926.0
20190413,P7V1,D3,2,3,D,47911.0
20190413,P7V1,D4,1,4,D,87820.0
20190413,P7V1,D4,2,4,D,99018.0
20190413,P7V1,D5,1,5,D,178029.0
20190413,P7V1,D5,2,5,D,167467.0
20190413,P7V1,D6,1,6,D,186357.0
20190413,P7V1,D6,2,6,D,220497.0
20190413,P7V1,D7,1,7,D,190136.0
20190413,P7V1,D7,2,7,D,191923.0
20190413,P7V1,D8,1,8,D,186274.0
20190413,P7V1,D8,2,8,D,199574.0
20190413,P7V1,D9,1,9,D,207915.0
20190413,P7V1,D9,2,9,D,205222.0
20190413,P7V1,V,1,0,V,184558.0
20190413,P7V1,V,2,0,V,235507.0
20190413,P7V2,C,1,0,C,937.0
20190413,P7V2,C,2,0,C,998.0
20190413,P7V2,D1,1,1,D,1075.0
20190413,P7V2,D1,2,1,D,1307.0
20190413,P7V2,D2,1,2,D,2442.0
20190413,P7V2,D2,2,2,D,3123.0
20190413,P7V2,D3,1,3,D,12709.0
20190413,P7V2,D3,2,3,D,9306.0
20190413,P7V2,D4,1,4,D,28370.0
20190413,P7V2,D4,2,4,D,29409.0
20190413,P7V2,D5,1,5,D,94118.0
20190413,P7V2,D5,2,5,D,63347.0
20190413,P7V2,D6,1,6,D,62851.0
20190413,P7V2,D6,2,6,D,67600.0
20190413,P7V2,D7,1,7,D,68990.0
20190413,P7V2,D7,2,7,D,86594.0
20190413,P7V2,D8,1,8,D,90238.0
20190413,P7V2,D8,2,8,D,88826.0
20190413,P7V2,D9,1,9,D,77613.0
20190413,P7V2,D9,2,9,D,100376.0
20190413,P7V2,V,1,0,V,70801.0
20190413,P7V2,V,2,0,V,135461.0
20190413,P7V3,C,1,0,C,955.0
20190413,P7V3,C,2,0,C,1015.0
20190413,P7V3,D1,1,1,D,996.0
20190413,P7V3,D1,2,1,D,1051.0
20190413,P7V3,D2,1,2,D,2588.0
20190413,P7V3,D2,2,2,D,3313.0
20190413,P7V3,D3,1,3,D,17499.0
20190413,P7V3,D3,2,3,D,17662.0
20190413,P7V3,D4,1,4,D,62692.0
20190413,P7V3,D4,2,4,D,79623.0
20190413,P7V3,D5,1,5,D,167909.0
20190413,P7V3,D5,2,5,D,164235.0
20190413,P7V3,D6,1,6,D,164010.0
20190413,P7V3,D6,2,6,D,204240.0
20190413,P7V3,D7,1,7,D,192056.0
20190413,P7V3,D7,2,7,D,212207.0
20190413,P7V3,D8,1,8,D,186401.0
20190413,P7V3,D8,2,8,D,212219.0
20190413,P7V3,D9,1,9,D,217466.0
20190413,P7V3,D9,2,9,D,230159.0
20190413,P7V3,V,1,0,V,247755.0
20190413,P7V3,V,2,0,V,234573.0
20190413,P7V4,C,1,0,C,1001.0
20190413,P7V4,C,2,0,C,931.0
20190413,P7V4,D1,1,1,D,1001.0
20190413,P7V4,D1,2,1,D,1106.0
20190413,P7V4,D2,1,2,D,1464.0
20190413,P7V4,D2,2,2,D,1375.0
20190413,P7V4,D3,1,3,D,3792.0
20190413,P7V4,D3,2,3,D,3798.0
20190413,P7V4,D4,1,4,D,11170.0
20190413,P7V4,D4,2,4,D,16740.0
20190413,P7V4,D5,1,5,D,30581.0
20190413,P7V4,D5,2,5,D,30374.0
20190413,P7V4,D6,1,6,D,32475.0
20190413,P7V4,D6,2,6,D,36205.0
20190413,P7V4,D7,1,7,D,35018.0
20190413,P7V4,D7,2,7,D,41966.0
20190413,P7V4,D8,1,8,D,34019.0
20190413,P7V4,D8,2,8,D,42893.0
20190413,P7V4,D9,1,9,D,35646.0
20190413,P7V4,D9,2,9,D,39989.0
20190413,P7V4,V,1,0,V,41081.0
20190413,P7V4,V,2,0,V,40780.0
20190413,P7V5,C,1,0,C,1003.0
20190413,P7V5,C,2,0,C,902.0
20190413,P7V5,D1,1,1,D,844.0
20190413,P7V5,D1,2,1,D,1121.0
20190413,P7V5,D2,1,2,D,2356.0
20190413,P7V5,D2,2,2,D,2988.0
20190413,P7V5,D3,1,3,D,7983.0
20190413,P7V5,D3,2,3,D,9501.0
20190413,P7V5,D4,1,4,D,9232.0
20190413,P7V5,D4,2,4,D,14689.0
20190413,P7V5,D5,1,5,D,15762.0
20190413,P7V5,D5,2,5,D,14481.0
20190413,P7V5,D6,1,6,D,13582.0
20190413,P7V5,D6,2,6,D,17087.0
20190413,P7V5,D7,1,7,D,13633.0
20190413,P7V5,D7,2,7,D,17271.0
20190413,P7V5,D8,1,8,D,12691.0
20190413,P7V5,D8,2,8,D,15485.0
20190413,P7V5,D9,1,9,D,15982.0
20190413,P7V5,D9,2,9,D,16187.0
20190413,P7V5,V,1,0,V,16603.0
20190413,P7V5,V,2,0,V,16272.0
20190413,P7V6,C,1,0,C,991.0
20190413,P7V6,C,2,0,C,903.0
20190413,P7V6,D1,1,1,D,773.0
20190413,P7V6,D1,2,1,D,831.0
20190413,P7V6,D2,1,2,D,894.0
20190413,P7V6,D2,2,2,D,1140.0
20190413,P7V6,D3,1,3,D,2127.0
20190413,P7V6,D3,2,3,D,1882.0
20190413,P7V6,D4,1,4,D,1469.0
20190413,P7V6,D4,2,4,D,2697.0
20190413,P7V6,D5,1,5,D,3326.0
20190413,P7V6,D5,2,5,D,4625.0
20190413,P7V6,D6,1,6,D,3200.0
20190413,P7V6,D6,2,6,D,3710.0
20190413,P7V6,D7,1,7,D,3351.0
20190413,P7V6,D7,2,7,D,3323.0
20190413,P7V6,D8,1,8,D,2985.0
20190413,P7V6,D8,2,8,D,3776.0
20190413,P7V6,D9,1,9,D,3361.0
20190413,P7V6,D9,2,9,D,3504.0
20190413,P7V6,V,1,0,V,3930.0
20190413,P7V6,V,2,0,V,4127.0
20190413,P8V1,C,1,0,C,1080.0
20190413,P8V1,C,2,0,C,1037.0
20190413,P8V1,D1,1,1,D,801.0
20190413,P8V1,D1,2,1,D,796.0
20190413,P8V1,D2,1,2,D,1756.0
20190413,P8V1,D2,2,2,D,1839.0
20190413,P8V1,D3,1,3,D,7693.0
20190413,P8V1,D3,2,3,D,8462.0
20190413,P8V1,D4,1,4,D,27603.0
20190413,P8V1,D4,2,4,D,36347.0
20190413,P8V1,D5,1,5,D,54869.0
20190413,P8V1,D5,2,5,D,69332.0
20190413,P8V1,D6,1,6,D,75664.0
20190413,P8V1,D6,2,6,D,82389.0
20190413,P8V1,D7,1,7,D,82860.0
20190413,P8V1,D7,2,7,D,89976.0
20190413,P8V1,D8,1,8,D,84046.0
20190413,P8V1,D8,2,8,D,95374.0
20190413,P8V1,D9,1,9,D,82992.0
20190413,P8V1,D9,2,9,D,104194.0
20190413,P8V1,V,1,0,V,83789.0
20190413,P8V1,V,2,0,V,104168.0
20190413,P8V2,C,1,0,C,1150.0
20190413,P8V2,C,2,0,C,1014.0
20190413,P8V2,D1,1,1,D,3083.0
20190413,P8V2,D1,2,1,D,2506.0
20190413,P8V2,D2,1,2,D,25977.0
20190413,P8V2,D2,2,2,D,26245.0
20190413,P8V2,D3,1,3,D,59579.0
20190413,P8V2,D3,2,3,D,73304.0
20190413,P8V2,D4,1,4,D,99034.0
20190413,P8V2,D4,2,4,D,113704.0
20190413,P8V2,D5,1,5,D,143360.0
20190413,P8V2,D5,2,5,D,162852.0
20190413,P8V2,D6,1,6,D,141521.0
20190413,P8V2,D6,2,6,D,158638.0
20190413,P8V2,D7,1,7,D,141829.0
20190413,P8V2,D7,2,7,D,158779.0
20190413,P8V2,D8,1,8,D,139724.0
20190413,P8V2,D8,2,8,D,151511.0
20190413,P8V2,D9,1,9,D,146680.0
20190413,P8V2,D9,2,9,D,158815.0
20190413,P8V2,V,1,0,V,157587.0
20190413,P8V2,V,2,0,V,174503.0
20190413,P8V3,C,1,0,C,1109.0
20190413,P8V3,C,2,0,C,1002.0
20190413,P8V3,D1,1,1,D,638.0
20190413,P8V3,D1,2,1,D,771.0
20190413,P8V3,D2,1,2,D,1232.0
20190413,P8V3,D2,2,2,D,1431.0
20190413,P8V3,D3,1,3,D,6100.0
20190413,P8V3,D3,2,3,D,6187.0
20190413,P8V3,D4,1,4,D,20809.0
20190413,P8V3,D4,2,4,D,27053.0
20190413,P8V3,D5,1,5,D,44457.0
20190413,P8V3,D5,2,5,D,54303.0
20190413,P8V3,D6,1,6,D,52187.0
20190413,P8V3,D6,2,6,D,60287.0
20190413,P8V3,D7,1,7,D,61221.0
20190413,P8V3,D7,2,7,D,81878.0
20190413,P8V3,D8,1,8,D,57801.0
20190413,P8V3,D8,2,8,D,83002.0
20190413,P8V3,D9,1,9,D,60757.0
20190413,P8V3,D9,2,9,D,80933.0
20190413,P8V3,V,1,0,V,70903.0
20190413,P8V3,V,2,0,V,97817.0
20190413,P8V4,C,1,0,C,1194.0
20190413,P8V4,C,2,0,C,1033.0
20190413,P8V4,D1,1,1,D,1084.0
20190413,P8V4,D1,2,1,D,1284.0
20190413,P8V4,D2,1,2,D,1350.0
20190413,P8V4,D2,2,2,D,1271.0
20190413,P8V4,D3,1,3,D,2268.0
20190413,P8V4,D3,2,3,D,1568.0
20190413,P8V4,D4,1,4,D,3120.0
20190413,P8V4,D4,2,4,D,4469.0
20190413,P8V4,D5,1,5,D,14229.0
20190413,P8V4,D5,2,5,D,17692.0
20190413,P8V4,D6,1,6,D,28402.0
20190413,P8V4,D6,2,6,D,38927.0
20190413,P8V4,D7,1,7,D,40333.0
20190413,P8V4,D7,2,7,D,49005.0
20190413,P8V4,D8,1,8,D,44199.0
20190413,P8V4,D8,2,8,D,58021.0
20190413,P8V4,D9,1,9,D,46394.0
20190413,P8V4,D9,2,9,D,60053.0
20190413,P8V4,V,1,0,V,51832.0
20190413,P8V4,V,2,0,V,64070.0
20190413,P8V5,C,1,0,C,1085.0
20190413,P8V5,C,2,0,C,953.0
20190413,P8V5,D1,1,1,D,1249.0
20190413,P8V5,D1,2,1,D,1456.0
20190413,P8V5,D2,1,2,D,1286.0
20190413,P8V5,D2,2,2,D,1441.0
20190413,P8V5,D3,1,3,D,1620.0
20190413,P8V5,D3,2,3,D,2061.0
20190413,P8V5,D4,1,4,D,3103.0
20190413,P8V5,D4,2,4,D,2971.0
20190413,P8V5,D5,1,5,D,14756.0
20190413,P8V5,D5,2,5,D,15820.0
20190413,P8V5,D6,1,6,D,32776.0
20190413,P8V5,D6,2,6,D,40736.0
20190413,P8V5,D7,1,7,D,42045.0
20190413,P8V5,D7,2,7,D,54602.0
20190413,P8V5,D8,1,8,D,47799.0
20190413,P8V5,D8,2,8,D,57839.0
20190413,P8V5,D9,1,9,D,50913.0
20190413,P8V5,D9,2,9,D,57447.0
20190413,P8V5,V,1,0,V,61614.0
20190413,P8V5,V,2,0,V,67530.0
20190413,P8V6,C,1,0,C,1180.0
20190413,P8V6,C,2,0,C,1010.0
20190413,P8V6,D1,1,1,D,1410.0
20190413,P8V6,D1,2,1,D,1431.0
20190413,P8V6,D2,1,2,D,1361.0
20190413,P8V6,D2,2,2,D,1745.0
20190413,P8V6,D3,1,3,D,1807.0
20190413,P8V6,D3,2,3,D,1952.0
20190413,P8V6,D4,1,4,D,3190.0
20190413,P8V6,D4,2,4,D,3696.0
20190413,P8V6,D5,1,5,D,12998.0
20190413,P8V6,D5,2,5,D,14804.0
20190413,P8V6,D6,1,6,D,31824.0
20190413,P8V6,D6,2,6,D,38655.0
20190413,P8V6,D7,1,7,D,51001.0
20190413,P8V6,D7,2,7,D,61844.0
20190413,P8V6,D8,1,8,D,65629.0
20190413,P8V6,D8,2,8,D,74255.0
20190413,P8V6,D9,1,9,D,73642.0
20190413,P8V6,D9,2,9,D,78135.0
20190413,P8V6,V,1,0,V,71019.0
20190413,P8V6,V,2,0,V,86007.0
20190413,P9V1,C,1,0,C,33.0
20190413,P9V1,C,2,0,C,28.0
20190413,P9V1,D1,1,1,D,28.0
20190413,P9V1,D1,2,1,D,20.0
20190413,P9V1,D2,1,2,D,27.0
20190413,P9V1,D2,2,2,D,34.0
20190413,P9V1,D3,1,3,D,31.0
20190413,P9V1,D3,2,3,D,28.0
20190413,P9V1,D4,1,4,D,217.0
20190413,P9V1,D4,2,4,D,243.0
20190413,P9V1,D5,1,5,D,401.0
20190413,P9V1,D5,2,5,D,545.0
20190413,P9V1,D6,1,6,D,500.0
20190413,P9V1,D6,2,6,D,863.0
20190413,P9V1,D7,1,7,D,887.0
20190413,P9V1,D7,2,7,D,1089.0
20190413,P9V1,D8,1,8,D,602.0
20190413,P9V1,D8,2,8,D,893.0
20190413,P9V1,D9,1,9,D,884.0
20190413,P9V1,D9,2,9,D,790.0
20190413,P9V1,V,1,0,V,839.0
20190413,P9V1,V,2,0,V,981.0
20190413,P9V2,C,1,0,C,34.0
20190413,P9V2,C,2,0,C,26.0
20190413,P9V2,D1,1,1,D,40.0
20190413,P9V2,D1,2,1,D,34.0
20190413,P9V2,D2,1,2,D,30.0
20190413,P9V2,D2,2,2,D,26.0
20190413,P9V2,D3,1,3,D,39.0
20190413,P9V2,D3,2,3,D,38.0
20190413,P9V2,D4,1,4,D,115.0
20190413,P9V2,D4,2,4,D,198.0
20190413,P9V2,D5,1,5,D,500.0
20190413,P9V2,D5,2,5,D,714.0
20190413,P9V2,D6,1,6,D,813.0
20190413,P9V2,D6,2,6,D,1103.0
20190413,P9V2,D7,1,7,D,898.0
20190413,P9V2,D7,2,7,D,1357.0
20190413,P9V2,D8,1,8,D,893.0
20190413,P9V2,D8,2,8,D,1216.0
20190413,P9V2,D9,1,9,D,1130.0
20190413,P9V2,D9,2,9,D,1193.0
20190413,P9V2,V,1,0,V,1106.0
20190413,P9V2,V,2,0,V,1099.0
20190413,P9V3,C,1,0,C,23.0
20190413,P9V3,C,2,0,C,30.0
20190413,P9V3,D1,1,1,D,26.0
20190413,P9V3,D1,2,1,D,26.0
20190413,P9V3,D2,1,2,D,27.0
20190413,P9V3,D2,2,2,D,37.0
20190413,P9V3,D3,1,3,D,62.0
20190413,P9V3,D3,2,3,D,36.0
20190413,P9V3,D4,1,4,D,47.0
20190413,P9V3,D4,2,4,D,35.0
20190413,P9V3,D5,1,5,D,69.0
20190413,P9V3,D5,2,5,D,107.0
20190413,P9V3,D6,1,6,D,104.0
20190413,P9V3,D6,2,6,D,158.0
20190413,P9V3,D7,1,7,D,324.0
20190413,P9V3,D7,2,7,D,453.0
20190413,P9V3,D8,1,8,D,707.0
20190413,P9V3,D8,2,8,D,961.0
20190413,P9V3,D9,1,9,D,1022.0
20190413,P9V3,D9,2,9,D,1302.0
20190413,P9V3,V,1,0,V,975.0
20190413,P9V3,V,2,0,V,1392.0
20190413,P9V4,C,1,0,C,28.0
20190413,P9V4,C,2,0,C,26.0
20190413,P9V4,D1,1,1,D,30.0
20190413,P9V4,D1,2,1,D,24.0
20190413,P9V4,D2,1,2,D,29.0
20190413,P9V4,D2,2,2,D,25.0
20190413,P9V4,D3,1,3,D,37.0
20190413,P9V4,D3,2,3,D,39.0
20190413,P9V4,D4,1,4,D,188.0
20190413,P9V4,D4,2,4,D,274.0
20190413,P9V4,D5,1,5,D,527.0
20190413,P9V4,D5,2,5,D,817.0
20190413,P9V4,D6,1,6,D,1697.0
20190413,P9V4,D6,2,6,D,2102.0
20190413,P9V4,D7,1,7,D,2016.0
20190413,P9V4,D7,2,7,D,2636.0
20190413,P9V4,D8,1,8,D,2268.0
20190413,P9V4,D8,2,8,D,2805.0
20190413,P9V4,D9,1,9,D,2832.0
20190413,P9V4,D9,2,9,D,3307.0
20190413,P9V4,V,1,0,V,2033.0
20190413,P9V4,V,2,0,V,3286.0
20190413,P9V5,C,1,0,C,32.0
20190413,P9V5,C,2,0,C,32.0
20190413,P9V5,D1,1,1,D,38.0
20190413,P9V5,D1,2,1,D,30.0
20190413,P9V5,D2,1,2,D,32.0
20190413,P9V5,D2,2,2,D,36.0
20190413,P9V5,D3,1,3,D,62.0
20190413,P9V5,D3,2,3,D,61.0
20190413,P9V5,D4,1,4,D,198.0
20190413,P9V5,D4,2,4,D,324.0
20190413,P9V5,D5,1,5,D,628.0
20190413,P9V5,D5,2,5,D,670.0
20190413,P9V5,D6,1,6,D,977.0
20190413,P9V5,D6,2,6,D,887.0
20190413,P9V5,D7,1,7,D,878.0
20190413,P9V5,D7,2,7,D,1397.0
20190413,P9V5,D8,1,8,D,755.0
20190413,P9V5,D8,2,8,D,1541.0
20190413,P9V5,D9,1,9,D,911.0
20190413,P9V5,D9,2,9,D,1825.0
20190413,P9V5,V,1,0,V,1449.0
20190413,P9V5,V,2,0,V,1544.0
20190413,P9V6,C,1,0,C,23.0
20190413,P9V6,C,2,0,C,28.0
20190413,P9V6,D1,1,1,D,34.0
20190413,P9V6,D1,2,1,D,30.0
20190413,P9V6,D2,1,2,D,26.0
20190413,P9V6,D2,2,2,D,34.0
20190413,P9V6,D3,1,3,D,30.0
20190413,P9V6,D3,2,3,D,42.0
20190413,P9V6,D4,1,4,D,86.0
20190413,P9V6,D4,2,4,D,71.0
20190413,P9V6,D5,1,5,D,255.0
20190413,P9V6,D5,2,5,D,326.0
20190413,P9V6,D6,1,6,D,404.0
20190413,P9V6,D6,2,6,D,361.0
20190413,P9V6,D7,1,7,D,847.0
20190413,P9V6,D7,2,7,D,900.0
20190413,P9V6,D8,1,8,D,956.0
20190413,P9V6,D8,2,8,D,882.0
20190413,P9V6,D9,1,9,D,940.0
20190413,P9V6,D9,2,9,D,993.0
20190413,P9V6,V,1,0,V,1123.0
20190413,P9V6,V,2,0,V,988.0
